slug,name,type,district,address,latitude,longitude,opening_hours,ticket_price,contact_phone,website,services,description,source_url,retrieved_at
cau-dat-farm,Cầu Đất Farm - Đồi chè Cầu Đất,tea_coffee_farm,Đà Lạt,"Thôn Xuân Trường, khu vực Cầu Đất, Đà Lạt, Lâm Đồng",11.879583,108.547398,07:00 - 19:00,30000,,,Tham quan đồi chè|Tìm hiểu chế biến trà|Cà phê và ẩm thực|Chụp ảnh,"Đồi chè và vườn cà phê lâu năm ở vùng Cầu Đất, phía đông nam trung tâm Đà Lạt. Du khách có thể dạo đồi chè, tìm hiểu quy trình chế biến trà và ngắm cảnh cao nguyên.",https://www.foody.vn/lam-dong/doi-che-cau-dat,2026-09-23
me-linh-coffee-garden,Mê Linh Coffee Garden,tea_coffee_farm,Đà Lạt,"Tỉnh lộ 725, khu vực Tà Nung, Đà Lạt, Lâm Đồng",11.8996136,108.3479746,07:00 - 22:00,,,,Tham quan vườn cà phê|Thưởng thức cà phê tại vườn|Chụp ảnh,"Vườn cà phê trên sườn đồi khu vực Tà Nung, có tầm nhìn ra thung lũng. Du khách có thể tìm hiểu cây cà phê và thưởng thức cà phê ngay tại vườn.",https://www.foody.vn/lam-dong/me-linh-cafe,2026-09-23
nong-trai-dalat-milk,Nông trại Dalat Milk,dairy_farm,Đơn Dương,"Xã Tu Tra, Đơn Dương, Lâm Đồng",11.739771,108.437725,Cả ngày,0,,,Tham quan đồng cỏ|Chụp ảnh|Mua sản phẩm từ sữa,"Nông trại chăn nuôi bò sữa với đồng cỏ và cảnh quan rộng. Khách có thể tham quan, chụp ảnh và mua các sản phẩm từ sữa tại chỗ.",https://www.foody.vn/lam-dong/nong-trai-dalat-milk,2026-09-23
doi-che-tam-chau,Đồi chè Tâm Châu,tea_coffee_farm,Bảo Lâm,"Xã Lộc Tân, Bảo Lâm, Lâm Đồng",11.595286,107.742722,Cả ngày,,,,Tham quan đồi chè|Chụp ảnh|Mua trà đặc sản,"Đồi chè rộng thuộc vùng chè Bảo Lâm - Bảo Lộc, một trong những vùng trồng chè lớn của Lâm Đồng. Điểm dừng chân tham quan, chụp ảnh và tìm hiểu cây chè.",https://www.foody.vn/lam-dong/doi-che-tam-chau,2026-09-23
vuon-dau-chao-da-lat,Vườn dâu Chào Đà Lạt,fruit_garden,Lạc Dương,"Tỉnh lộ 723, Lạc Dương, Lâm Đồng",12.112013,108.586174,09:00 - 21:00,,,,Tham quan vườn dâu|Tự tay hái dâu|Chụp ảnh,"Vườn dâu tây phục vụ khách tham quan và tự tay hái dâu, nằm trên tuyến tỉnh lộ 723 thuộc khu vực Lạc Dương.",https://www.foody.vn/lam-dong/vuon-dau-chao-da-lat,2026-09-23
vuon-dau-tay-co-lien,Vườn dâu tây Cô Liên,fruit_garden,Đà Lạt,"87 Tô Vĩnh Diện, Phường 7, Đà Lạt, Lâm Đồng",11.9588343,108.4234086,06:00 - 17:00,,,,Tham quan vườn dâu|Tự tay hái dâu|Mua dâu tươi,"Vườn dâu tây trong khu dân cư phía bắc Đà Lạt, khách có thể tham quan và hái dâu tại vườn.",https://www.foody.vn/lam-dong/vuon-dau-tay-co-lien,2026-09-23
vuon-hong-nha-tom,Vườn hồng Nhà Tom,fruit_garden,Đà Lạt,"86 Khe Sanh, Phường 10, Đà Lạt, Lâm Đồng",11.932106,108.45894,08:00 - 17:00,,0943268138,,Tham quan vườn hồng|Chụp ảnh|Mua hồng treo gió,"Vườn hồng gắn với mùa hồng và đặc sản hồng treo gió của Đà Lạt, phục vụ khách tham quan và chụp ảnh.",https://www.foody.vn/lam-dong/vuon-hong-nha-tom,2026-09-23
cam-tu-cau-garden,Vườn hoa Cẩm Tú Cầu,flower_garden,Đà Lạt,"Tổ 1, thôn Lộc Quý, xã Xuân Thọ, Đà Lạt, Lâm Đồng",11.945481,108.511317,07:00 - 17:00,,,,Tham quan vườn hoa|Chụp ảnh,"Vườn hoa cẩm tú cầu ở khu vực Xuân Thọ, phía đông Đà Lạt, thu hút khách tham quan và chụp ảnh.",https://www.foody.vn/lam-dong/cam-tu-cau-garden,2026-09-23
canh-dong-lavender-ho-tuyen-lam,Cánh đồng Lavender hồ Tuyền Lâm,flower_garden,Đà Lạt,"Khu du lịch hồ Tuyền Lâm, Đà Lạt, Lâm Đồng",11.895876,108.419638,07:00 - 17:00,40000,,,Ngắm hoa oải hương|Chụp ảnh|Đồ uống,"Cánh đồng hoa oải hương ven khu vực hồ Tuyền Lâm, có không gian ngắm hoa và phục vụ đồ uống.",https://www.foody.vn/lam-dong/canh-dong-lavender-ho-tuyen-lam,2026-09-23
